"","X","full_name","rating","jersey","team","position","b_day","metros","kilos","salary","country","draft_year","draft_round","draft_peak","college"
"1",1,"LeBron James",97,23,"Los Angeles Lakers","F",1984-12-30,2.06,113.4,37436858,"USA",2003,1,1,"High School"
"2",2,"Kawhi Leonard",97,2,"Los Angeles Clippers","F",1991-06-29,2.01,102.1,32742000,"USA",2011,1,15,"San Diego State"
"3",3,"Giannis Antetokounmpo",96,34,"Milwaukee Bucks","F-G",1994-12-06,2.11,109.8,25842697,"Greece",2013,1,15,"Studied Abroad"
"4",4,"Kevin Durant",96,7,"Brooklyn Nets","F",1988-09-29,2.08,104.3,37199000,"USA",2007,1,2,"Texas"
"5",5,"James Harden",96,13,"Houston Rockets","G",1989-08-26,1.96,99.8,38199000,"USA",2009,1,3,"Arizona State"
"6",6,"Stephen Curry",95,30,"Golden State Warriors","G",1988-03-14,1.91,83.9,40231758,"USA",2009,1,7,"Davidson"
"7",7,"Anthony Davis",94,3,"Los Angeles Lakers","F-C",1993-03-11,2.08,100.7,27093019,"USA",2012,1,1,"Kentucky"
"8",8,"Paul George",93,13,"Los Angeles Clippers","F",1990-05-02,2.03,95.3,33005556,"USA",2010,1,10,"Fresno State"
"9",9,"Damian Lillard",92,0,"Portland Trail Blazers","G",1990-07-15,1.88,88.5,29802321,"USA",2012,1,6,"Weber State"
"10",10,"Joel Embiid",91,21,"Philadelphia 76ers","C",1994-03-16,2.13,113.4,27504630,"Cameroon",2014,1,3,"Kansas"
"11",11,"Kyrie Irving",91,11,"Brooklyn Nets","G",1992-03-23,1.88,81.6,31742000,"Australia",2011,1,1,"Duke"
"12",12,"Nikola Jokic",90,15,"Denver Nuggets","C",1995-02-19,2.13,114.8,27504630,"Serbia",2014,2,41,"Studied Abroad"
"13",13,"Russell Westbrook",90,0,"Houston Rockets","G",1988-11-12,1.91,86.2,38506482,"USA",2008,1,4,"UCLA"
"14",14,"Klay Thompson",89,11,"Golden State Warriors","G",1990-02-08,1.98,93,32742000,"USA",2011,1,11,"Washington State"
"15",15,"Karl-Anthony Towns",89,32,"Minnesota Timberwolves","F-C",1995-11-15,2.11,112.5,27285000,"USA",2015,1,1,"Kentucky"
"16",16,"Jimmy Butler",88,22,"Miami Heat","G",1989-09-14,2.01,99.8,32742000,"USA",2011,1,30,"Marquette"
"17",17,"Rudy Gobert",88,27,"Utah Jazz","C",1992-06-26,2.16,108,25258427,"France",2013,1,27,"Studied Abroad"
"18",18,"Blake Griffin",88,23,"Detroit Pistons","F",1989-03-16,2.06,114.3,34449964,"USA",2009,1,1,"Oklahoma"
"19",19,"Donovan Mitchell",88,45,"Utah Jazz","G",1996-09-07,1.85,95.7,3635760,"USA",2017,1,13,"Louisville"
"20",20,"Kemba Walker",88,8,"Boston Celtics","G",1990-05-08,1.83,78,32742000,"USA",2011,1,9,"UConn"
"21",21,"Luka Doncic",87,77,"Dallas Mavericks","G-F",1999-02-28,2.01,103,7683360,"Slovenia",2018,1,3,"Studied Abroad"
"22",22,"LaMarcus Aldridge",87,12,"San Antonio Spurs","F-C",1985-07-19,2.11,111.6,2.6e+07,"USA",2006,1,2,"Texas"
"23",23,"Bradley Beal",87,3,"Washington Wizards","G",1993-06-28,1.91,93.9,27093018,"USA",2012,1,3,"Florida"
"24",24,"Mike Conley",87,10,"Utah Jazz","G",1987-10-11,1.85,83.9,32511623,"USA",2007,1,4,"Ohio State"
"25",25,"DeMar DeRozan",87,10,"San Antonio Spurs","G-F",1989-08-07,1.98,99.8,27739975,"USA",2009,1,9,"USC"
"26",26,"CJ McCollum",87,3,"Portland Trail Blazers","G",1991-09-19,1.91,89.4,27556959,"USA",2013,1,10,"Lehigh"
"27",27,"Victor Oladipo",87,4,"Indiana Pacers","G",1992-05-04,1.93,96.6,2.1e+07,"USA",2013,1,2,"Indiana"
"28",28,"Kristaps Porzingis",87,6,"Dallas Mavericks","F-C",1995-08-02,2.21,99.8,27285000,"Latvia",2015,1,4,"Studied Abroad"
"29",29,"D'Angelo Russell",87,0,"Minnesota Timberwolves","G",1996-02-23,1.93,87.5,27285000,"USA",2015,1,2,"Ohio State"
"30",30,"Pascal Siakam",87,43,"Toronto Raptors","F",1994-04-02,2.06,103,2351838,"Cameroon",2016,1,27,"New Mexico State"
"31",31,"Ben Simmons",87,25,"Philadelphia 76ers","F",1996-07-20,2.08,108.9,8113929,"Australia",2016,1,1,"LSU"
"32",32,"De'Aaron Fox",86,5,"Sacramento Kings","G",1997-12-20,1.91,77.6,6392760,"USA",2017,1,5,"Kentucky"
"33",33,"Devin Booker",86,1,"Phoenix Suns","G",1996-10-30,1.96,93.4,27285000,"USA",2015,1,13,"Kentucky"
"34",34,"DeMarcus Cousins",86,0,"No_Team","C",1990-08-13,2.08,122.5,3500000,"USA",2010,1,5,"Kentucky"
"35",35,"Andre Drummond",86,0,"Cleveland Cavaliers","C",1993-08-10,2.08,122.5,27093018,"USA",2012,1,9,"UConn"
"36",36,"Draymond Green",86,23,"Golden State Warriors","F",1990-03-04,1.98,104.3,18539130,"USA",2012,2,35,"Michigan State"
"37",37,"Jrue Holiday",86,11,"New Orleans Pelicans","G",1990-06-12,1.91,81.6,26131111,"USA",2009,1,17,"UCLA"
"38",38,"Nikola Vucevic",86,9,"Orlando Magic","C",1990-10-24,2.11,108.9,2.8e+07,"Montenegro",2011,1,16,"USC"
"39",39,"John Wall",86,2,"Washington Wizards","G",1990-09-06,1.93,88.5,38199000,"USA",2010,1,1,"Kentucky"
"40",40,"Jayson Tatum",85,0,"Boston Celtics","F",1998-03-03,2.03,92.5,7830000,"USA",2017,1,3,"Duke"
"41",41,"Trae Young",85,11,"Atlanta Hawks","G",1998-09-19,1.85,81.6,6273000,"USA",2018,1,5,"Oklahoma"
"42",42,"Eric Bledsoe",85,6,"Milwaukee Bucks","G",1989-12-09,1.85,88.5,15625000,"USA",2010,1,18,"Kentucky"
"43",43,"Clint Capela",85,15,"Atlanta Hawks","C",1994-05-18,2.08,95.7,16896552,"Switzerland",2014,1,25,"Studied Abroad"
"44",44,"Tobias Harris",85,12,"Philadelphia 76ers","F",1992-07-15,2.03,102.5,32742000,"USA",2011,1,19,"Tennessee"
"45",45,"Al Horford",85,42,"Philadelphia 76ers","C-F",1986-06-03,2.06,111.6,2.8e+07,"Dominican Republic",2007,1,3,"Florida"
"46",46,"Zach LaVine",85,8,"Chicago Bulls","G",1995-03-10,1.98,82.1,19500000,"USA",2014,1,13,"UCLA"
"47",47,"Kyle Lowry",85,7,"Toronto Raptors","G",1986-03-25,1.83,93,33296296,"USA",2006,1,24,"Villanova"
"48",48,"Khris Middleton",85,22,"Milwaukee Bucks","F",1991-08-12,2.01,98.4,30603448,"USA",2012,2,39,"Texas A&M"
"49",49,"Chris Paul",85,3,"Oklahoma City Thunder","G",1985-05-06,1.85,79.4,38506482,"USA",2005,1,4,"Wake Forest"
"50",50,"John Collins",84,20,"Atlanta Hawks","F",1997-09-23,2.06,102.1,2686560,"USA",2017,1,19,"Wake Forest"
"51",51,"Buddy Hield",84,24,"Sacramento Kings","G",1993-12-17,1.93,96.2,4861207,"The Bahamas",2016,1,6,"Oklahoma"
"52",52,"Kyle Kuzma",84,0,"Los Angeles Lakers","F",1995-07-24,2.03,100.2,1974600,"USA",2017,1,27,"Utah"
"53",53,"Jamal Murray",84,27,"Denver Nuggets","G",1997-02-23,1.93,91.2,4444746,"Canada",2016,1,7,"Kentucky"
"54",54,"Louis Williams",84,23,"Los Angeles Clippers","G",1986-10-27,1.85,79.4,8e+06,"USA",2005,2,45,"High School"
"55",55,"Marvin Bagley",83,35,"Sacramento Kings","F",1999-03-14,2.11,106.6,8556120,"USA",2018,1,2,"Duke"
"56",56,"Bojan Bogdanovic",83,44,"Utah Jazz","G-F",1989-04-18,2.03,98,1.7e+07,"Croatia",2011,2,31,"Studied Abroad"
"57",57,"Malcolm Brogdon",83,7,"Indiana Pacers","G",1992-12-11,1.96,101.2,2e+07,"USA",2016,2,36,"Virginia"
"58",58,"Danilo Gallinari",83,8,"Oklahoma City Thunder","F",1988-08-08,2.08,102.1,22615559,"Italy",2008,1,6,"Studied Abroad"
"59",59,"Montrezl Harrell",83,5,"Los Angeles Clippers","F",1994-01-26,2.01,114.8,6e+06,"USA",2015,2,32,"Louisville"
"60",60,"Kevin Love",83,0,"Cleveland Cavaliers","F",1988-09-07,2.03,117.9,28942830,"USA",2008,1,5,"UCLA"
"61",61,"Lauri Markkanen",83,24,"Chicago Bulls","F-C",1997-05-22,2.13,108.9,5300400,"Finland",2017,1,7,"Arizona"
"62",62,"Jusuf Nurkic",83,27,"Portland Trail Blazers","C",1994-08-23,2.13,131.5,1.2e+07,"Bosnia and Herzegovina",2014,1,16,"Studied Abroad"
"63",63,"Julius Randle",83,30,"New York Knicks","F",1994-11-29,2.03,113.4,1.8e+07,"USA",2014,1,7,"Kentucky"
"64",64,"Marc Gasol",82,33,"Toronto Raptors","C",1985-01-29,2.11,120.2,25595700,"Spain",2007,2,48,"Studied Abroad"
"65",65,"Steven Adams",82,12,"Oklahoma City Thunder","C",1993-07-20,2.11,115.7,25842697,"New Zealand",2013,1,12,"Pittsburgh"
"66",66,"Deandre Ayton",82,22,"Phoenix Suns","C",1998-07-23,2.11,113.4,9562920,"The Bahamas",2018,1,1,"Arizona"
"67",67,"Spencer Dinwiddie",82,8,"Brooklyn Nets","G",1993-04-06,1.96,93,10605600,"USA",2014,2,38,"Colorado"
"68",68,"Jaren Jackson",82,13,"Memphis Grizzlies","F-C",1999-09-15,2.11,110,6699960,"USA",2018,1,4,"Michigan State"
"69",69,"Paul Millsap",82,4,"Denver Nuggets","F-C",1985-02-10,2.01,113.4,30350000,"USA",2017,2,47,"Louisiana Tech"
"70",70,"Marcus Smart",82,36,"Boston Celtics","G",1994-03-06,1.91,103,12553571,"USA",2014,1,6,"Oklahoma State"
"71",71,"Myles Turner",82,33,"Indiana Pacers","F-C",1996-03-24,2.11,108.4,1.8e+07,"USA",2015,1,11,"Texas"
"72",72,"Serge Ibaka",81,9,"Toronto Raptors","F",1989-09-18,2.13,108.9,23271604,"Spain",2008,1,24,"Studied Abroad"
"73",73,"Zion Williamson",81,1,"New Orleans Pelicans","F",2000-07-06,1.98,128.8,9757440,"USA",2019,1,1,"Duke"
"74",74,"Rudy Gay",81,22,"San Antonio Spurs","F",1986-08-17,2.03,104.3,14500000,"USA",2006,1,8,"UConn"
"75",75,"Aaron Gordon",81,0,"Orlando Magic","F",1995-09-16,2.03,99.8,19863636,"USA",2014,1,4,"Arizona"
"76",76,"Brandon Ingram",81,14,"New Orleans Pelicans","F",1997-09-02,2.01,88.9,7265485,"USA",2016,1,2,"Duke"
"77",77,"DeAndre Jordan",81,6,"Brooklyn Nets","C",1988-07-21,2.11,120.2,9881598,"USA",2008,2,35,"Texas A&M"
"78",78,"Domantas Sabonis",81,11,"Indiana Pacers","F-C",1996-05-03,2.11,104.8,3529554,"Lithuania",2016,1,11,"Gonzaga"
"79",79,"Jonas Valanciunas",81,17,"Memphis Grizzlies","C",1992-05-06,2.11,104.8,1.6e+07,"Lithuania",2011,1,5,"Studied Abroad"
"80",80,"Hassan Whiteside",81,21,"Portland Trail Blazers","C",1989-06-13,2.13,106.6,27093018,"USA",2010,2,33,"Marshall"
"81",81,"Derrick Rose",80,25,"Detroit Pistons","G",1988-10-04,1.88,86.2,7317074,"USA",2008,1,1,"Memphis"
"82",82,"Robert Covington",80,33,"Houston Rockets","F",1990-12-14,2.01,94.8,11301219,"USA",2013,3,0,"Tennessee State"
"83",83,"Derrick Favors",80,22,"New Orleans Pelicans","F",1991-07-15,2.06,111.6,17650000,"USA",2010,1,3,"Georgia Tech"
"84",84,"Gordon Hayward",80,20,"Boston Celtics","F",1990-03-23,2.01,93.9,32700690,"USA",2010,1,9,"Butler"
"85",85,"Reggie Jackson",80,0,"Los Angeles Clippers","G",1990-04-16,1.91,94.3,17799677,"USA",2011,1,24,"Boston College"
"86",86,"Enes Kanter",80,11,"Boston Celtics","C",1992-05-20,2.08,118.8,4767000,"Turkey",2011,1,3,"Studied Abroad"
"87",87,"Otto Porter",80,22,"Chicago Bulls","F",1993-06-03,2.03,89.8,27250576,"USA",2013,1,2,"Georgetown"
"88",88,"JJ Redick",80,4,"New Orleans Pelicans","G",1984-06-24,1.91,86.2,13486300,"USA",2006,1,11,"Duke"
"89",89,"Josh Richardson",80,0,"Philadelphia 76ers","G",1993-09-15,1.96,90.7,10116576,"USA",2015,2,40,"Tennessee"
"90",90,"TJ Warren",80,1,"Indiana Pacers","F",1993-09-05,2.03,99.8,11060000,"USA",2014,1,14,"NC State"
"91",91,"Ja Morant",79,12,"Memphis Grizzlies","G",1999-08-10,1.91,78.9,8730240,"USA",2019,1,2,"Murray State"
"92",92,"Bam Adebayo",79,13,"Miami Heat","F-C",1997-07-18,2.06,110.2,3454080,"USA",2017,1,14,"Kentucky"
"93",93,"Jarrett Allen",79,31,"Brooklyn Nets","C",1998-04-20,2.11,106.1,2376840,"USA",2017,1,22,"Texas"
"94",94,"Lonzo Ball",79,2,"New Orleans Pelicans","G",1997-10-27,1.98,86.2,8719320,"USA",2017,1,2,"UCLA"
"95",95,"Harrison Barnes",79,40,"Sacramento Kings","F",1992-05-30,2.03,95.3,24147727,"USA",2012,1,7,"North Carolina"
"96",96,"Patrick Beverley",79,21,"Los Angeles Clippers","G",1988-07-12,1.85,81.6,12345680,"USA",2009,2,42,"Arkansas"
"97",97,"Jaylen Brown",79,7,"Boston Celtics","F",1996-10-24,1.98,101.2,6534829,"USA",2016,1,3,"California"
"98",98,"Willie Cauley-Stein",79,0,"Dallas Mavericks","C",1993-08-18,2.13,109.8,2177483,"USA",2015,1,6,"Kentucky"
"99",99,"Goran Dragic",79,7,"Miami Heat","G",1986-05-06,1.91,86.2,19217900,"Slovenia",2008,2,45,"Studied Abroad"
"100",100,"Shai Gilgeous-Alexander",79,2,"Oklahoma City Thunder","G",1998-07-12,1.96,81.6,3952920,"Canada",2018,1,11,"Kentucky"
"101",101,"Gary Harris",79,14,"Denver Nuggets","G",1994-09-14,1.93,93,17839286,"USA",2014,1,19,"Michigan State"
"102",102,"Joe Ingles",79,2,"Utah Jazz","F",1987-10-02,2.01,94.8,11454546,"Australia",2009,3,0,"Studied Abroad"
"103",103,"Jeremy Lamb",79,26,"Indiana Pacers","G",1992-05-30,1.96,81.6,10500000,"USA",2012,1,12,"UConn"
"104",104,"Brook Lopez",79,11,"Milwaukee Bucks","C",1988-04-01,2.13,120.2,12093024,"USA",2008,1,10,"Stanford"
"105",105,"JaVale McGee",79,7,"Los Angeles Lakers","C",1988-01-19,2.13,122.5,4e+06,"USA",2008,1,18,"Nevada"
"106",106,"Mitchell Robinson",79,23,"New York Knicks","C",1998-04-01,2.13,101.2,1559712,"USA",2018,2,36,"High School"
"107",107,"Terrence Ross",79,8,"Orlando Magic","G",1991-02-05,1.98,93.4,12500000,"USA",2012,1,8,"Washington"
"108",108,"Tristan Thompson",79,13,"Cleveland Cavaliers","F",1991-03-13,2.06,102.1,18539130,"Canada",2011,1,4,"Texas"
"109",109,"PJ Tucker",79,17,"Houston Rockets","F",1985-05-05,1.96,102.1,8349039,"USA",2006,2,35,"Texas"
"110",110,"Fred VanVleet",79,23,"Toronto Raptors","G",1994-02-25,1.85,89.4,9346153,"USA",2006,3,0,"Wichita State"
"111",111,"Andrew Wiggins",79,22,"Golden State Warriors","F",1995-02-23,2.01,89.4,27504630,"Canada",2014,1,1,"Kansas"
"112",112,"Thaddeus Young",79,21,"Chicago Bulls","F",1988-06-21,2.03,99.8,12900000,"USA",2007,1,12,"Georgia Tech"
"113",113,"RJ Barrett",78,9,"New York Knicks","G",2000-06-14,1.98,91.6,7839960,"Canada",2019,1,3,"Duke"
"114",114,"Ricky Rubio",78,11,"Phoenix Suns","G",1990-10-21,1.91,81.6,16200000,"Spain",2009,1,5,"Studied Abroad"
"115",115,"Will Barton",78,5,"Denver Nuggets","G",1991-01-06,1.96,79.4,12776786,"USA",2012,2,40,"Memphis"
"116",116,"Bogdan Bogdanovic",78,8,"Sacramento Kings","G",1992-08-18,1.98,93,8529386,"Serbia",2014,1,27,"Studied Abroad"
"117",117,"Thomas Bryant",78,13,"Washington Wizards","F-C",1997-07-31,2.08,109.3,8e+06,"USA",2017,2,42,"Indiana"
"118",118,"Wendell Carter",78,34,"Chicago Bulls","C",1999-04-16,2.06,117.5,5201400,"USA",2018,1,7,"Duke"
"119",119,"Jordan Clarkson",78,8,"Utah Jazz","G",1992-06-07,1.93,84.4,13437500,"Philippines",2014,2,46,"Missouri"
"120",120,"Evan Fournier",78,10,"Orlando Magic","G",1992-10-29,2.01,86.2,17150000,"France",2012,1,20,"Studied Abroad"
"121",121,"Eric Gordon",78,10,"Houston Rockets","G",1988-12-25,1.91,97.5,14057730,"USA",2008,1,7,"Indiana"
"122",122,"JaMychal Green",78,4,"Los Angeles Clippers","F",1990-06-21,2.03,99.8,4767000,"USA",2012,3,0,"Alabama"
"123",123,"Joe Harris",78,12,"Brooklyn Nets","G",1991-09-06,1.98,97.5,7666667,"USA",2014,2,33,"Virginia"
"124",124,"Andre Iguodala",78,9,"Miami Heat","G-F",1984-01-28,1.98,93.9,17185185,"USA",2004,1,9,"Arizona"
"125",125,"Caris LeVert",78,22,"Brooklyn Nets","G",1994-08-25,1.98,86.6,2625717,"USA",2016,1,20,"Michigan"
"126",126,"Marcus Morris",78,0,"Los Angeles Clippers","F",1989-09-02,2.03,106.6,1.5e+07,"USA",2011,1,14,"Kansas"
"127",127,"Dejounte Murray",78,5,"San Antonio Spurs","G",1996-09-19,1.93,77.1,2321735,"USA",2016,1,29,"Washington"
"128",128,"Larry Nance Jr",78,22,"Cleveland Cavaliers","F",1993-01-01,2.01,103,12727273,"USA",2015,1,27,"Wyoming"
"129",129,"Kelly Olynyk",78,9,"Miami Heat","C",1991-04-19,2.11,106.1,12667885,"Canada",2013,1,13,"Gonzaga"
"130",130,"Kelly Oubre",78,3,"Phoenix Suns","F-G",1995-12-09,2.01,92.1,15625000,"USA",2015,1,15,"Kansas"
"131",131,"Jabari Parker",78,0,"Sacramento Kings","F",1995-03-15,2.03,106.6,6500000,"USA",2014,1,2,"Duke"
"132",132,"Bobby Portis",78,1,"New York Knicks","F-C",1995-02-10,2.08,111.6,1.5e+07,"USA",2015,1,22,"Arkansas"
"133",133,"Terry Rozier",78,3,"Charlotte Hornets","G",1994-03-17,1.85,86.2,19894737,"USA",2015,1,16,"Louisville"
"134",134,"Dennis Schroeder",78,17,"Oklahoma City Thunder","G",1993-09-15,1.85,78,15500000,"Germany",2013,1,17,"Studied Abroad"
"135",135,"Jeff Teague",78,0,"Atlanta Hawks","G",1988-06-10,1.91,82.1,1.9e+07,"USA",2009,1,19,"Wake Forest"
"136",136,"Derrick White",78,4,"San Antonio Spurs","G",1994-07-02,1.93,90.7,1948080,"USA",2017,1,29,"Colorado"
"137",137,"Justise Winslow",78,0,"Memphis Grizzlies","F",1996-03-26,1.98,100.7,1.3e+07,"USA",2015,1,10,"Duke"
"138",138,"Darius Garland",77,10,"Cleveland Cavaliers","G",2000-06-26,1.85,79.4,6400920,"USA",2019,1,5,"Vanderbilt"
"139",139,"De'Andre Hunter",77,12,"Atlanta Hawks","F",1997-12-01,2.01,102.1,7068360,"USA",2019,1,4,"Virginia"
"140",140,"Al-Farouq Aminu",77,2,"Orlando Magic","F",1990-09-21,2.03,97.5,9258000,"Nigeria",2010,1,8,"Wake Forest"
"141",141,"Mo Bamba",77,5,"Orlando Magic","C",1998-05-12,2.13,102.1,5697600,"USA",2018,1,6,"Texas"
"142",142,"Nicolas Batum",77,5,"Charlotte Hornets","F-G",1988-12-14,2.06,95.3,25565217,"France",2008,1,25,"Studied Abroad"
"143",143,"Malik Beasley",77,0,"Minnesota Timberwolves","G",1996-11-26,1.93,89.8,2731713,"USA",2016,1,19,"Florida State"
"144",144,"Nemanja Bjelica",77,88,"Sacramento Kings","F-G",1988-05-09,2.08,101.6,6825000,"Serbia",2010,2,35,"Studied Abroad"
"145",145,"DeMarre Carroll",77,0,"Houston Rockets","F",1986-07-27,1.98,96.2,7339258,"USA",2009,1,27,"Missouri"
"146",146,"Ed Davis",77,17,"Utah Jazz","F",1989-06-05,2.06,97.5,4767000,"USA",2010,1,13,"North Carolina"
"147",147,"Taj Gibson",77,67,"New York Knicks","F",1985-06-24,2.06,102.1,9e+06,"USA",2009,1,26,"USC"
"148",148,"Jerami Grant",77,9,"Denver Nuggets","F",1994-03-12,2.03,97.1,9346153,"USA",2014,2,39,"Syracuse"
"149",149,"Danny Green",77,14,"Los Angeles Lakers","G",1987-06-22,1.98,94.8,14634147,"USA",2009,2,46,"North Carolina"
"150",150,"Tim Hardaway Jr",77,11,"Dallas Mavericks","G",1992-03-16,1.96,90.3,20025127,"USA",2013,1,24,"Michigan"
"151",151,"Alex Len",77,0,"Sacramento Kings","C",1993-06-16,2.13,102.1,4160000,"Ukraine",2013,1,5,"Maryland"
"152",152,"Kevon Looney",77,5,"Golden State Warriors","F",1996-02-06,2.06,100.7,4464286,"USA",2015,1,30,"UCLA"
"153",153,"Monte Morris",77,11,"Denver Nuggets","G",1995-06-27,1.88,79.4,1588231,"USA",2017,2,51,"Iowa State"
"154",154,"Nerlens Noel",77,9,"Oklahoma City Thunder","F-C",1994-04-10,2.08,93.4,1882867,"USA",2013,1,6,"Kentucky"
"155",155,"Mason Plumlee",77,24,"Denver Nuggets","C-F",1990-03-05,2.11,108,14041096,"USA",2013,1,22,"Duke"
"156",156,"Jakob Poeltl",77,25,"San Antonio Spurs","C-F",1995-10-15,2.16,108.4,3754885,"Austria",2016,1,9,"Utah"
"157",157,"Dwight Powell",77,7,"Dallas Mavericks","F-C",1991-07-20,2.08,106.1,10259375,"Canada",2014,2,45,"Stanford"
"158",158,"Taurean Prince",77,2,"Brooklyn Nets","F",1994-03-22,2.01,99.8,3481985,"USA",2016,1,12,"Baylor"
"159",159,"Dario Saric",77,20,"Phoenix Suns","F",1994-04-08,2.08,98,3481985,"Croatia",2014,1,12,"Studied Abroad"
"160",160,"Collin Sexton",77,2,"Cleveland Cavaliers","G",1999-01-04,1.85,86.2,4764960,"USA",2018,1,8,"Alabama"
"161",161,"Dennis Smith",77,5,"New York Knicks","G",1997-11-25,1.88,88.5,4463640,"USA",2017,1,9,"NC State"
"162",162,"Cody Zeller",77,40,"Charlotte Hornets","C-F",1992-10-05,2.13,104.3,14471910,"USA",2013,1,4,"Indiana"
"163",163,"Ivica Zubac",77,40,"Los Angeles Clippers","C",1997-03-18,2.13,120.2,6481482,"Croatia",2016,2,32,"Studied Abroad"
"164",164,"Jarrett Culver",77,23,"Minnesota Timberwolves","G",1999-02-20,1.98,88.5,5813640,"USA",2019,1,6,"Texas Tech"
"165",165,"Willy Hernangomez",76,9,"Charlotte Hornets","C-F",1994-05-27,2.11,115.7,1676735,"Spain",2015,2,35,"Studied Abroad"
"166",166,"Trevor Ariza",76,0,"Portland Trail Blazers","F-G",1985-06-30,2.03,95.3,12200000,"USA",2004,2,43,"UCLA"
"167",167,"DJ Augustin",76,14,"Orlando Magic","G",1987-11-10,1.8,81.6,7250000,"USA",2008,1,9,"Texas"
"168",168,"Jose Juan Barea",76,5,"Dallas Mavericks","G",1984-06-26,1.78,79.4,2564753,"Puerto Rico",2006,3,0,"Northeastern"
"169",169,"Michael Beasley",76,0,"No_Team","F",1989-01-09,2.08,106.6,3500000,"USA",2008,1,2,"Kansas State"
"170",170,"Davis Bertans",76,42,"Washington Wizards","F",1992-11-12,2.08,95.7,7e+06,"Latvia",2011,2,42,"Studied Abroad"
"171",171,"Avery Bradley",76,11,"Los Angeles Lakers","G",1990-11-26,1.91,88.5,6767000,"USA",2010,1,19,"Texas"
"172",172,"Miles Bridges",76,0,"Charlotte Hornets","F",1998-03-21,1.98,102.1,3755400,"USA",2018,1,12,"Michigan State"
"173",173,"Jalen Brunson",76,13,"Dallas Mavericks","G",1996-08-31,1.85,86.2,1416852,"USA",2018,2,33,"Villanova"
"174",174,"Kentavious Caldwell-Pope",76,1,"Los Angeles Lakers","G",1993-02-18,1.96,92.5,8089282,"USA",2013,1,8,"Georgia"
"175",175,"Jae Crowder",76,99,"Miami Heat","F",1990-07-06,1.98,106.6,7815533,"USA",2012,2,34,"Marquette"
"176",176,"Dewayne Dedmon",76,0,"Atlanta Hawks","C",1989-08-12,2.13,108.4,13333334,"USA",2013,3,0,"USC"
"177",177,"Gorgui Dieng",76,0,"Memphis Grizzlies","C",1990-01-18,2.08,104.3,16229213,"Senegal",2013,1,21,"Louisville"
"178",178,"Gerald Green",76,0,"No_Team","F-G",1986-01-26,1.98,87.1,2564753,"USA",2005,1,18,"High School"
"179",179,"Jeff Green",76,34,"Houston Rockets","F",1986-08-28,2.03,106.6,3405180,"USA",2007,1,5,"Georgetown"
"180",180,"Rodney Hood",76,5,"Portland Trail Blazers","F",1992-10-20,2.03,94.3,5718000,"USA",2014,1,23,"Duke"
"181",181,"Kevin Huerter",76,3,"Atlanta Hawks","G",1998-08-27,2.01,86.2,2636280,"USA",2018,1,19,"Maryland"
"182",182,"Ersan Ilyasova",76,7,"Milwaukee Bucks","F",1987-05-15,2.06,106.6,7e+06,"Turkey",2005,2,36,"Studied Abroad"
"183",183,"Jonathan Isaac",76,1,"Orlando Magic","F",1997-10-03,2.11,93,5806440,"USA",2017,1,6,"Florida State"
"184",184,"Josh Jackson",76,20,"Memphis Grizzlies","F",1997-02-10,2.03,92.1,7059480,"USA",2017,1,4,"Kansas"
"185",185,"Frank Kaminsky",76,8,"Phoenix Suns","F-C",1993-04-04,2.13,104.8,4767000,"USA",2015,1,9,"Wisconsin"
"186",186,"Michael Kidd-Gilchrist",76,0,"Dallas Mavericks","F",1993-09-26,1.98,105.2,12784359,"USA",2012,1,2,"Kentucky"
"187",187,"Kevin Knox",76,20,"New York Knicks","F",1999-08-11,2.01,97.5,4380120,"USA",2018,1,9,"Kentucky"
"188",188,"Meyers Leonard",76,0,"Miami Heat","C",1992-02-27,2.13,111.1,11286515,"USA",2012,1,11,"Illinois"
"189",189,"Wesley Matthews",76,9,"Milwaukee Bucks","G",1986-10-14,1.93,99.8,2564753,"USA",2009,3,0,"Marquette"
"190",190,"Emmanuel Mudiay",76,8,"Utah Jazz","G",1996-03-05,1.91,86.2,1737145,"Democratic Republic of the Congo",2015,1,7,"Studied Abroad"
"191",191,"Jahlil Okafor",76,8,"New Orleans Pelicans","C",1995-12-15,2.08,122.5,1702486,"USA",2015,1,3,"Duke"
"192",192,"Elfrid Payton",76,6,"New York Knicks","G",1994-02-22,1.91,83.9,8e+06,"USA",2014,1,10,"Louisiana"
"193",193,"Michael Porter",76,1,"Denver Nuggets","F",1998-06-29,2.08,97.5,3389400,"USA",2018,1,14,"Missouri"
"194",194,"Austin Rivers",76,25,"Houston Rockets","G",1992-08-01,1.91,90.7,2174310,"USA",2012,1,10,"Duke"
"195",195,"Andre Roberson",76,21,"Oklahoma City Thunder","G-F",1991-12-04,2.01,93.4,10740740,"USA",2013,1,26,"Colorado"
"196",196,"Rajon Rondo",76,9,"Los Angeles Lakers","G",1986-02-22,1.85,84.4,2564753,"USA",2006,1,21,"Kentucky"
"197",197,"Landry Shamet",76,20,"Los Angeles Clippers","G",1997-03-13,1.93,81.6,1995120,"USA",2018,1,26,"Wichita State"
"198",198,"Daniel Theis",76,27,"Boston Celtics","C",1992-04-04,2.03,97.5,5e+06,"Germany",2013,3,0,"Studied Abroad"
"199",199,"Isaiah Thomas",76,0,"No_Team","G",1989-02-07,1.75,83.9,2320044,"USA",2011,2,60,"Washington"
"200",200,"Dion Waiters",76,11,"Los Angeles Lakers","G",1991-12-10,1.91,95.3,12475385,"USA",2012,1,4,"Syracuse"
"201",201,"Marvin Williams",76,2,"Milwaukee Bucks","F",1986-06-19,2.03,108.9,14654179,"USA",2005,1,2,"North Carolina"
"202",202,"Delon Wright",76,55,"Dallas Mavericks","G",1992-04-26,1.96,82.1,9473684,"USA",2015,1,20,"Utah"
"203",203,"Coby White",76,0,"Chicago Bulls","G",2000-02-16,1.93,83.9,5307120,"USA",2019,1,7,"North Carolina"
"204",204,"Pau Gasol",75,0,"No_Team","C",1980-07-06,2.16,113.4,5538540,"Spain",2001,1,3,"Studied Abroad"
"205",205,"Aron Baynes",75,46,"Phoenix Suns","C",1986-12-09,2.08,117.9,5453280,"Australia",2009,3,0,"Washington State"
"206",206,"Kent Bazemore",75,26,"Sacramento Kings","G",1989-07-01,1.93,88.5,19269663,"USA",2012,3,0,"Old Dominion"
"207",207,"Marco Belinelli",75,18,"San Antonio Spurs","G",1986-03-25,1.96,90.7,5846154,"Italy",2007,1,18,"Studied Abroad"
"208",208,"Bismack Biyombo",75,8,"Charlotte Hornets","C",1992-08-28,2.03,103.9,1.7e+07,"Democratic Republic of the Congo",2011,1,7,"Studied Abroad"
"209",209,"Mikal Bridges",75,25,"Phoenix Suns","F-G",1996-08-30,1.98,94.8,4161000,"USA",2018,1,10,"Villanova"
"210",210,"Wilson Chandler",75,21,"Brooklyn Nets","F-G",1987-05-10,2.03,102.1,2564753,"USA",2007,1,23,"DePaul"
"211",211,"Damyean Dotson",75,21,"New York Knicks","G",1994-05-06,1.96,91.6,1618520,"USA",2017,2,44,"Houston"
"212",212,"Kris Dunn",75,32,"Chicago Bulls","G",1994-03-18,1.91,93,5348007,"USA",2016,1,5,"Providence"
"213",213,"Wayne Ellington",75,2,"New York Knicks","G",1987-11-29,1.93,90.7,8e+06,"USA",2009,1,28,"North Carolina"
"214",214,"Bryn Forbes",75,11,"San Antonio Spurs","G",1993-07-23,1.88,84.8,2875000,"USA",2016,3,0,"Michigan State"
"215",215,"Josh Hart",75,3,"New Orleans Pelicans","G",1995-03-06,1.96,92.5,1934160,"USA",2017,1,30,"Villanova"
"216",216,"John Henson",75,31,"Detroit Pistons","F",1990-12-28,2.06,99.8,9732396,"USA",2012,1,14,"North Carolina"
"217",217,"Mario Hezonja",75,44,"Portland Trail Blazers","F-G",1995-02-25,2.03,91.2,1737145,"Croatia",2015,1,5,"Studied Abroad"
"218",218,"George Hill",75,3,"Milwaukee Bucks","G",1986-05-04,1.91,81.6,10133907,"USA",2008,1,26,"IUPUI"
"219",219,"Rondae Hollis-Jefferson",75,4,"Toronto Raptors","F",1995-01-03,1.98,95.7,2500000,"USA",2015,1,23,"Arizona"
"220",220,"Richaun Holmes",75,22,"Sacramento Kings","F",1993-10-15,2.08,110.2,4767000,"USA",2015,2,37,"Bowling Green"
"221",221,"James Johnson",75,0,"Minnesota Timberwolves","F",1987-02-20,2.01,111.1,15349400,"USA",2009,1,16,"Wake Forest"
"222",222,"Luke Kennard",75,5,"Detroit Pistons","G",1996-06-24,1.96,88.9,3827160,"USA",2017,1,12,"Duke"
"223",223,"Kyle Korver",75,26,"Milwaukee Bucks","F",1981-03-17,2.01,96.2,6004753,"USA",2003,2,51,"Creighton"
"224",224,"Rodions Kurucs",75,0,"Brooklyn Nets","F",1998-02-05,2.06,97.5,1699236,"Latvia",2018,2,40,"Studied Abroad"
"225",225,"Jake Layman",75,10,"Minnesota Timberwolves","F",1994-03-07,2.03,94.8,3581986,"USA",2016,2,47,"Maryland"
"226",226,"Robin Lopez",75,42,"Milwaukee Bucks","C",1988-04-01,2.13,115.7,4767000,"USA",2008,1,15,"Stanford"
"227",227,"Trey Lyles",75,41,"San Antonio Spurs","F",1995-11-05,2.06,109.3,5500000,"Canada",2015,1,12,"Kentucky"
"228",228,"Boban Marjanovic",75,51,"Dallas Mavericks","C",1988-08-15,2.24,131.5,3500000,"Serbia",2010,3,0,"Studied Abroad"
"229",229,"TJ McConnell",75,9,"Indiana Pacers","G",1992-03-25,1.85,90.7,3500000,"USA",2015,3,0,"Arizona"
"230",230,"Patrick Mills",75,8,"San Antonio Spurs","G",1988-08-11,1.85,83.9,12678571,"Australia",2009,2,55,"Saint Mary's"
"231",231,"Malik Monk",75,1,"Charlotte Hornets","G",1998-02-04,1.91,89.4,4028400,"USA",2017,1,11,"Kentucky"
"232",232,"Markieff Morris",75,88,"Los Angeles Lakers","F",1989-09-02,2.03,111.1,3709887,"USA",2011,1,13,"Kansas"
"233",233,"Shabazz Napier",75,0,"Washington Wizards","G",1991-07-14,1.83,79.4,1845301,"USA",2014,1,24,"UConn"
"234",234,"Cedi Osman",75,16,"Cleveland Cavaliers","F-G",1995-04-08,2.01,97.5,2907143,"Turkey",2015,2,31,"Studied Abroad"
"235",235,"Tomas Satoransky",75,31,"Chicago Bulls","G",1991-10-30,2.01,89.8,1e+07,"Czech",2012,2,32,"Studied Abroad"
"236",236,"Mike Scott",75,1,"Philadelphia 76ers","F",1988-07-16,2.01,107.5,4767000,"USA",2012,2,43,"Virginia"
"237",237,"Noah Vonleh",75,0,"Denver Nuggets","F",1995-08-24,2.08,112,2e+06,"USA",2014,1,9,"Indiana"
"238",238,"Allonzo Trier",75,0,"No_Team","G-F",1996-01-17,1.93,90.7,3551100,"USA",2018,3,0,"Arizona"
"239",239,"Juan Hernangomez",74,41,"Minnesota Timberwolves","F",1995-09-28,2.06,99.8,3321029,"Spain",2016,1,15,"Studied Abroad"
"240",240,"Kyle Anderson",74,1,"Memphis Grizzlies","F",1993-09-20,2.06,104.3,9073050,"USA",2014,1,30,"UCLA"
"241",241,"Jordan Bell",74,0,"Cleveland Cavaliers","F-C",1995-01-07,2.03,101.6,1870564,"USA",2017,2,38,"Oregon"
"242",242,"Khem Birch",74,24,"Orlando Magic","C",1992-09-28,2.06,94.8,3e+06,"Canada",2014,3,0,"UNLV"
"243",243,"Dillon Brooks",74,24,"Memphis Grizzlies","G-F",1996-01-22,2.01,102.1,1618520,"Canada",2017,2,45,"Oregon"
"244",244,"Reggie Bullock",74,25,"New York Knicks","G",1991-03-16,1.98,90.7,4e+06,"USA",2013,1,25,"North Carolina"
"245",245,"Zach Collins",74,33,"Portland Trail Blazers","C",1997-11-17,2.11,105.2,4240200,"USA",2017,1,10,"Gonzaga"
"246",246,"Pat Connaughton",74,24,"Milwaukee Bucks","G",1993-01-06,1.96,97.5,1723050,"USA",2015,2,41,"Notre Dame"
"247",247,"Quinn Cook",74,2,"Los Angeles Lakers","G",1993-03-23,1.85,81.6,3e+06,"USA",2015,3,0,"Duke"
"248",248,"Torrey Craig",74,3,"Denver Nuggets","G",1990-12-19,2.01,97.5,2e+06,"USA",2014,3,0,"USC Upstate"
"249",249,"Seth Curry",74,30,"Dallas Mavericks","G",1990-08-23,1.88,81.6,7461380,"USA",2013,3,0,"Duke"
"250",250,"Cheick Diallo",74,14,"Phoenix Suns","F-C",1996-09-13,2.03,99.3,1678854,"Mali",2016,2,33,"Kansas"
"251",251,"Yogi Ferrell",74,3,"Sacramento Kings","G",1993-05-09,1.83,80.7,3150000,"USA",2016,3,0,"Indiana"
"252",252,"Markelle Fultz",74,20,"Orlando Magic","G",1998-05-29,1.91,88.5,9745200,"USA",2017,1,1,"Washington"
"253",253,"Harry Giles",74,20,"Sacramento Kings","F-C",1998-04-22,2.11,105.2,2578800,"USA",2017,1,20,"Duke"
"254",254,"Moe Harkless",74,0,"New York Knicks","F",1993-05-11,2.01,94.3,11011234,"USA",2012,1,15,"St. John's"
"255",255,"Justin Jackson",74,44,"Dallas Mavericks","F-G",1995-03-28,2.01,91.2,3280920,"USA",2017,1,15,"North Carolina"
"256",256,"Tyler Johnson",74,0,"Brooklyn Nets","G",1992-05-07,1.91,84.4,19428485,"USA",2014,3,0,"Fresno State"
"257",257,"Derrick Jones",74,5,"Miami Heat","F",1997-02-15,1.98,88.5,1645357,"USA",2016,3,0,"UNLV"
"258",258,"Cory Joseph",74,9,"Sacramento Kings","G",1991-08-20,1.91,83.9,1.2e+07,"Canada",2011,1,29,"Texas"
"259",259,"Maxi Kleber",74,42,"Dallas Mavericks","F-C",1992-01-29,2.08,95.7,8e+06,"Germany",2014,3,0,"Studied Abroad"
"260",260,"TJ Leaf",74,22,"Indiana Pacers","F-C",1997-04-30,2.08,100.7,2813280,"Israel",2017,1,18,"UCLA"
"261",261,"Doug McDermott",74,20,"Indiana Pacers","F",1992-01-03,2.01,98.9,7333333,"USA",2014,1,11,"Creighton"
"262",262,"E'Twaun Moore",74,55,"New Orleans Pelicans","G",1989-02-25,1.91,86.6,8664928,"USA",2011,2,55,"Purdue"
"263",263,"Joakim Noah",74,0,"Los Angeles Clippers","C",1985-02-25,2.11,103,6813026,"USA",2007,1,9,"Florida"
"264",264,"Kyle O'Quinn",74,9,"Philadelphia 76ers","F-C",1990-03-26,2.06,108.9,2174318,"USA",2012,2,49,"Norfolk State"
"265",265,"Chandler Parsons",74,0,"No_Team","F",1988-10-25,2.06,90.7,25102512,"USA",2011,2,38,"Florida"
"266",266,"Norman Powell",74,24,"Toronto Raptors","G",1993-05-25,1.91,97.5,10116576,"USA",2015,2,46,"UCLA"
"267",267,"Ivan Rabb",74,0,"No_Team","F-C",1997-02-04,2.08,99.8,451326,"USA",2017,2,35,"California"
"268",268,"Glenn Robinson III",74,22,"Golden State Warriors","F",1994-01-08,1.98,95.7,1882867,"USA",2014,2,40,"Michigan"
"269",269,"Denzel Valentine",74,45,"Chicago Bulls","G",1993-11-16,1.93,95.3,3377568,"USA",2016,1,14,"Michigan State"
"270",270,"Robert Williams",74,44,"Boston Celtics","F-C",1997-10-17,2.03,107.5,1937520,"USA",2018,1,27,"Texas A&M"
"271",271,"Christian Wood",74,35,"Detroit Pistons","F",1995-09-27,2.08,98,1645357,"USA",2015,3,0,"UNLV"
"272",272,"Jaxson Hayes",74,10,"New Orleans Pelicans","F-C",2000-05-23,2.11,99.8,4862040,"USA",2019,1,8,"Texas"
"273",273,"Rui Hachimura",74,8,"Washington Wizards","F",1998-02-08,2.03,102.1,4469160,"Japan",2019,1,9,"Gonzaga"
"274",274,"OG Anunoby",73,3,"Toronto Raptors","F-G",1997-07-17,2.01,105.2,2281800,"United Kingdom",2017,1,23,"Indiana"
"275",275,"Dwayne Bacon",73,7,"Charlotte Hornets","G",1995-08-30,1.98,99.8,1618520,"USA",2017,2,40,"Florida State"
"276",276,"DeAndre Bembry",73,95,"Atlanta Hawks","F",1994-07-04,1.96,93.9,2603981,"USA",2016,1,21,"Saint Joseph's"
"277",277,"Jonah Bolden",73,0,"Phoenix Suns","F",1996-01-02,2.03,97.5,1788296,"Australia",2017,2,36,"UCLA"
"278",278,"Sterling Brown",73,23,"Milwaukee Bucks","G",1995-02-10,1.96,104.3,1618520,"USA",2017,2,46,"SMU"
"279",279,"Bruce Brown",73,6,"Detroit Pistons","G",1996-08-15,1.93,86.2,1416852,"USA",2018,2,42,"Miami (Florida)"
"280",280,"Troy Brown",73,6,"Washington Wizards","F-G",1999-07-28,1.98,97.5,3219480,"USA",2018,1,15,"Oregon"
"281",281,"Alec Burks",73,0,"Philadelphia 76ers","G",1991-07-20,1.98,88.5,2320044,"USA",2011,1,12,"Colorado"
"282",282,"Alex Caruso",73,4,"Los Angeles Lakers","G",1994-02-28,1.96,84.4,2750000,"USA",2016,3,0,"Texas A&M"
"283",283,"Tyson Chandler",73,19,"Houston Rockets","C",1982-10-02,2.13,106.6,2564753,"USA",2001,1,2,"High School"
"284",284,"Allen Crabbe",73,0,"No_Team","G-F",1992-04-09,1.96,89.4,17818456,"USA",2013,2,31,"California"
"285",285,"Matthew Dellavedova",73,18,"Cleveland Cavaliers","G",1990-09-08,1.91,86.2,9607500,"Australia",2013,3,0,"Saint Mary's"
"286",286,"James Ennis",73,0,"Orlando Magic","F",1990-07-01,1.98,91.2,1882867,"USA",2013,2,50,"Long Beach State"
"287",287,"Dorian Finney-Smith",73,10,"Dallas Mavericks","F",1993-05-04,2.01,96.6,4e+06,"USA",2016,3,0,"Florida"
"288",288,"Shaquille Harrison",73,3,"Chicago Bulls","G",1993-10-06,2.01,86.2,1620564,"USA",2016,3,0,"Tulsa"
"289",289,"Aaron Holiday",73,3,"Indiana Pacers","G",1996-09-30,1.83,83.9,2239200,"USA",2018,1,23,"UCLA"
"290",290,"Danuel House",73,4,"Houston Rockets","F",1993-06-07,1.98,99.8,3540000,"USA",2016,3,0,"Texas A&M"
"291",291,"Stanley Johnson",73,5,"Toronto Raptors","F",1996-05-29,1.98,109.8,3623000,"USA",2015,1,8,"Arizona"
"292",292,"Tyus Jones",73,21,"Memphis Grizzlies","G",1996-05-10,1.83,83.9,10116000,"USA",2015,1,24,"Duke"
"293",293,"Furkan Korkmaz",73,30,"Philadelphia 76ers","F",1997-06-27,2.01,83.9,1620564,"Turkey",2016,1,26,"Studied Abroad"
"294",294,"Ian Mahinmi",73,28,"Washington Wizards","C",1986-11-05,2.11,104.3,15450051,"France",2005,1,28,"Studied Abroad"
"295",295,"CJ Miles",73,0,"No_Team","G-F",1987-03-18,1.98,105.2,8730158,"USA",2005,2,34,"High School"
"296",296,"Mike Muscala",73,33,"Oklahoma City Thunder","F-C",1991-07-01,2.08,104.3,2028594,"USA",2013,2,44,"Bucknell"
"297",297,"Frank Ntilikina",73,11,"New York Knicks","G",1998-07-28,1.93,86.2,4855800,"France",2017,1,8,"Studied Abroad"
"298",298,"David Nwaba",73,0,"Houston Rockets","G",1993-01-14,1.96,95.3,2581965,"USA",2016,3,0,"Cal Poly"
"299",299,"Royce O'Neale",73,23,"Utah Jazz","F",1993-06-05,1.93,102.5,1618520,"USA",2015,3,0,"Baylor"
"300",300,"Semi Ojeleye",73,37,"Boston Celtics","F",1994-12-05,1.98,106.6,1618520,"USA",2017,2,37,"SMU"
"301",301,"Josh Okogie",73,20,"Minnesota Timberwolves","G",1998-09-01,1.93,96.6,2530680,"Nigeria",2018,1,20,"Georgia Tech"
"302",302,"Jonathon Simmons",73,0,"No_Team","G-F",1989-09-14,1.98,88.5,1e+06,"USA",2012,3,0,"Houston"
"303",303,"Ishmael Smith",73,14,"Washington Wizards","G",1988-07-05,1.83,79.4,6e+06,"USA",2010,3,0,"Wake Forest"
"304",304,"Tony Snell",73,17,"Detroit Pistons","F",1991-11-10,1.98,89.8,11392857,"USA",2013,1,20,"New Mexico"
"305",305,"Omari Spellman",73,0,"Minnesota Timberwolves","F",1997-07-21,2.03,111.1,1897800,"USA",2018,1,30,"Villanova"
"306",306,"Garrett Temple",73,17,"Brooklyn Nets","G-F",1986-05-08,1.96,88.5,4767000,"USA",2009,3,0,"LSU"
"307",307,"Evan Turner",73,1,"Minnesota Timberwolves","G-F",1988-10-27,1.98,93,18606556,"USA",2010,1,2,"Ohio State"
"308",308,"Lonnie Walker",73,1,"San Antonio Spurs","G",1998-12-14,1.96,92.5,2764200,"USA",2018,1,18,"Miami (Florida)"
"309",309,"Brad Wanamaker",73,9,"Boston Celtics","G",1989-07-25,1.91,95.3,1445697,"USA",2011,3,0,"Pittsburgh"
"310",310,"Ante Zizic",73,41,"Cleveland Cavaliers","C",1997-01-04,2.08,113.4,2281800,"Croatia",2016,1,23,"Studied Abroad"
"311",311,"Tyler Herro",73,14,"Miami Heat","G",2000-01-20,1.96,88.5,3640200,"USA",2019,1,13,"Kentucky"
"312",312,"Vincent Poirier",73,77,"Boston Celtics","C",1993-10-17,2.13,106.6,2505793,"France",2015,3,0,"Studied Abroad"
"313",313,"Sekou Doumbouya",73,45,"Detroit Pistons","F",2000-12-23,2.03,94.8,3285120,"France",2019,1,15,"Studied Abroad"
"314",314,"Brandon Clarke",73,15,"Memphis Grizzlies","F",1996-09-19,2.03,97.5,2478840,"Canada",2019,1,21,"Gonzaga"
"315",315,"Nicolo Melli",73,20,"New Orleans Pelicans","F",1991-01-26,2.06,107,4102564,"Italy",2013,3,0,"Studied Abroad"
"316",316,"Nassir Little",73,9,"Portland Trail Blazers","F",2000-02-11,1.96,99.8,2105520,"USA",2019,1,25,"North Carolina"
"317",317,"Grayson Allen",72,3,"Memphis Grizzlies","G",1995-10-08,1.93,93,2429400,"USA",2018,1,21,"Duke"
"318",318,"Antonio Blakeney",72,0,"No_Team","G-F",1996-10-04,1.93,89.4,1488231,"USA",2017,3,0,"LSU"
"319",319,"Michael Carter-Williams",72,7,"Orlando Magic","G",1991-10-10,1.96,83.5,2028594,"USA",2013,1,11,"Syracuse"
"320",320,"Troy Daniels",72,30,"Denver Nuggets","G",1991-07-15,1.93,90.7,2487033,"USA",2013,3,0,"VCU"
"321",321,"Donte DiVincenzo",72,0,"Milwaukee Bucks","G",1997-01-31,1.93,93,2905800,"USA",2018,1,17,"Villanova"
"322",322,"Jared Dudley",72,10,"Los Angeles Lakers","F",1985-07-10,1.98,102.1,2564753,"USA",2007,1,22,"Boston College"
"323",323,"Cristiano Felicio",72,6,"Chicago Bulls","F",1992-07-07,2.08,122.5,8156500,"Brazil",2014,3,0,"Studied Abroad"
"324",324,"Tim Frazier",72,0,"No_Team","G",1990-11-01,1.83,77.1,1620564,"USA",2014,3,0,"Penn State"
"325",325,"Langston Galloway",72,9,"Detroit Pistons","G",1991-12-09,1.85,91.6,7333333,"USA",2014,3,0,"Saint Joseph's"
"326",326,"Justin Holiday",72,8,"Indiana Pacers","G",1989-04-05,1.98,81.6,4767000,"USA",2011,3,0,"Washington"
"327",327,"Chandler Hutchison",72,15,"Chicago Bulls","F",1996-04-26,2.01,88.9,2332320,"USA",2018,1,22,"Boise State"
"328",328,"Wesley Iwundu",72,25,"Orlando Magic","F",1994-12-20,1.98,93,1618520,"USA",2017,2,33,"Kansas State"
"329",329,"Brandon Knight",72,0,"Detroit Pistons","G",1991-12-02,1.88,85.7,15643750,"USA",2011,1,8,"Kentucky"
"330",330,"Courtney Lee",72,1,"Dallas Mavericks","G-F",1985-10-03,1.96,90.7,12759670,"USA",2008,1,22,"Western Kentucky"
"331",331,"Thon Maker",72,7,"Detroit Pistons","F-C",1997-02-25,2.13,98,3569643,"Australia",2016,1,10,"Studied Abroad"
"332",332,"Patrick McCaw",72,22,"Toronto Raptors","G",1995-10-25,2.01,82.1,4e+06,"USA",2016,2,38,"UNLV"
"333",333,"Rodney McGruder",72,19,"Los Angeles Clippers","G",1991-07-29,1.93,93,4807693,"USA",2013,3,0,"Kansas State"
"334",334,"Darius Miller",72,21,"New Orleans Pelicans","F",1990-03-21,1.98,102.1,7250000,"USA",2012,2,46,"Kentucky"
"335",335,"Raul Neto",72,19,"Philadelphia 76ers","G",1992-05-19,1.85,77.1,1737145,"Brazil",2013,2,47,"Studied Abroad"
"336",336,"Georges Niang",72,31,"Utah Jazz","F",1993-06-17,2.01,104.3,1645357,"USA",2016,2,50,"Iowa State"
"337",337,"Cameron Payne",72,0,"Phoenix Suns","G",1994-08-08,1.88,81.6,346288,"USA",2015,1,14,"Murray State"
"338",338,"Anfernee Simons",72,1,"Portland Trail Blazers","G",1999-06-08,1.91,82.1,2149560,"USA",2018,1,24,"High School"
"339",339,"Zhaire Smith",72,8,"Philadelphia 76ers","G-F",1999-06-04,1.91,93,3058800,"USA",2018,1,16,"Texas Tech"
"340",340,"Anthony Tolliver",72,0,"Memphis Grizzlies","F",1985-06-01,2.03,108.9,2854556,"USA",2007,3,0,"Creighton"
"341",341,"DJ Wilson",72,5,"Milwaukee Bucks","F",1996-02-19,2.08,106.1,2961120,"USA",2017,1,17,"Michigan"
"342",342,"Alfonzo McKinnie",72,0,"Cleveland Cavaliers","F",1992-09-17,2.03,97.5,2391985,"USA",2015,3,0,"Green Bay"
"343",343,"Romeo Langford",72,45,"Boston Celtics","G",1999-10-25,1.93,98,3458400,"USA",2019,1,14,"Indiana"
"344",344,"Grant Williams",72,12,"Boston Celtics","F",1998-11-30,1.98,107,2379840,"USA",2019,1,22,"Tennessee"
"345",345,"Nicolas Claxton",72,0,"Brooklyn Nets","C",1990-04-17,2.11,97.5,898310,"USA",2019,2,31,"Georgia"
"346",346,"PJ Washington",72,25,"Charlotte Hornets","F",1998-08-23,2.01,102.1,3831840,"USA",2019,1,12,"Kentucky"
"347",347,"Ryan Arcidiacono",72,51,"Chicago Bulls","G",1994-03-26,1.91,88.5,3e+06,"Italy",2016,3,0,"Villanova"
"348",348,"Kevin Porter",72,4,"Cleveland Cavaliers","G-F",2000-05-04,1.93,98.9,1290960,"USA",2019,1,30,"USC"
"349",349,"Ryan Broekhoff",72,0,"Philadelphia 76ers","F",1990-08-23,1.98,97.5,2833704,"Australia",2013,3,0,"Valparaiso"
"350",350,"Goga Bitadze",72,88,"Indiana Pacers","C",1999-07-20,2.11,113.4,2816760,"Georgia",2019,1,18,"Studied Abroad"
"351",351,"De'Anthony Melton",72,0,"Memphis Grizzlies","G",1998-05-28,1.88,86.2,1416852,"USA",2018,2,46,"USC"
"352",352,"Kenrich Williams",72,34,"New Orleans Pelicans","G-F",1994-12-02,1.98,95.3,1416852,"USA",2018,3,0,"TCU"
"353",353,"Nickeil Alexander-Walker",72,0,"New Orleans Pelicans","G",1998-09-02,1.96,93,2964840,"Canada",2019,1,17,"Virginia Tech"
"354",354,"Chuma Okeke",72,3,"No_Team","F-C",1998-08-18,2.03,104,2773550,"USA",2019,1,16,"Auburn"
"355",355,"Matisse Thybulle",72,22,"Philadelphia 76ers","G-F",1997-03-04,1.96,91.2,2582160,"USA",2019,1,20,"Washington"
"356",356,"Cameron Johnson",72,23,"Phoenix Suns","F",1996-03-03,2.03,95.3,4033440,"USA",2019,1,11,"North Carolina"
"357",357,"Ty Jerome",72,10,"Phoenix Suns","G",1997-07-08,1.96,88.5,2193480,"USA",2019,1,24,"Virginia"
"358",358,"Luka Samanic",72,19,"San Antonio Spurs","F",2000-01-09,2.08,94.8,2689920,"Croatia",2019,1,19,"Studied Abroad"
"359",359,"Keldon Johnson",72,3,"San Antonio Spurs","F",1999-10-11,1.96,95.7,1950600,"USA",2019,1,29,"Kentucky"
"360",360,"Matt Thomas",72,21,"Toronto Raptors","G",1994-08-04,1.93,89.4,898310,"USA",2017,3,0,"Iowa State"
"361",361,"Chris Boucher",71,25,"Toronto Raptors","F-C",1993-01-11,2.06,90.7,1588231,"Canada",2017,3,0,"Oregon"
"362",362,"Jevon Carter",71,4,"Phoenix Suns","G",1995-09-14,1.85,90.7,1416852,"USA",2018,2,32,"West Virginia"
"363",363,"Deyonta Davis",71,0,"No_Team","F-C",1996-12-02,2.08,108.9,250000,"USA",2016,2,31,"Michigan State"
"364",364,"Jacob Evans",71,0,"Minnesota Timberwolves","G",1997-06-18,1.93,95.3,1925880,"USA",2018,1,28,"Cincinnati"
"365",365,"Terrance Ferguson",71,23,"Oklahoma City Thunder","G",1998-05-17,1.98,83.5,2475840,"USA",2017,1,21,"High School"
"366",366,"Daniel Gafford",71,12,"Chicago Bulls","F",1998-10-01,2.08,106.1,898310,"USA",2019,2,38,"Arkansas"
"367",367,"Treveon Graham",71,12,"Atlanta Hawks","G",1993-10-28,1.96,99.3,1645357,"USA",2015,3,0,"VCU"
"368",368,"Frank Jackson",71,15,"New Orleans Pelicans","G",1998-05-04,1.91,93,1618520,"USA",2017,2,31,"Duke"
"369",369,"Luke Kornet",71,2,"Chicago Bulls","C",1995-07-15,2.18,108.9,2250000,"USA",2017,3,0,"Vanderbilt"
"370",370,"Frank Mason",71,15,"Milwaukee Bucks","G",1994-04-13,1.8,86.2,79568,"USA",2017,2,34,"Kansas"
"371",371,"Ben McLemore",71,16,"Houston Rockets","G",1993-02-11,1.91,85.7,2028594,"USA",2013,1,7,"Kansas"
"372",372,"Dzanan Musa",71,13,"Brooklyn Nets","F",1999-05-08,2.06,88.5,1911600,"Bosnia and Herzegovina",2018,1,29,"Studied Abroad"
"373",373,"Elie Okobo",71,2,"Phoenix Suns","G",1997-10-23,1.91,86.2,1416852,"France",2018,2,31,"Studied Abroad"
"374",374,"Jerome Robinson",71,1,"Washington Wizards","G",1997-02-22,1.93,86.2,3567720,"USA",2018,1,13,"Boston College"
"375",375,"JaKarr Sampson",71,14,"Indiana Pacers","F",1993-03-20,2.01,101.2,1737145,"USA",2014,3,0,"St. John's"
"376",376,"Edmond Sumner",71,5,"Indiana Pacers","G",1995-12-13,1.93,84.4,2e+06,"USA",2017,2,52,"Xavier"
"377",377,"Gary Trent Jr",71,2,"Portland Trail Blazers","G",1999-01-18,1.96,94.8,1416852,"USA",2018,2,37,"Duke"
"378",378,"Moritz Wagner",71,21,"Washington Wizards","F",1997-04-26,2.11,108.9,2063520,"Germany",2018,1,25,"Michigan"
"379",379,"Admiral Schofield",71,1,"Washington Wizards","F",1997-03-30,1.96,109.3,1e+06,"USA",2019,2,42,"Tennessee"
"380",380,"Bruno Fernando",71,24,"Atlanta Hawks","F",1998-08-15,2.06,111.1,1400000,"Angola",2019,2,34,"Maryland"
"381",381,"Alen Smailagic",71,6,"Golden State Warriors","F",2000-08-18,2.08,97.5,898310,"Serbia",2019,2,39,"Studied Abroad"
"382",382,"Eric Paschall",71,7,"Golden State Warriors","F",1996-11-04,1.98,115.7,898310,"USA",2019,2,41,"Villanova"
"383",383,"Carsen Edwards",71,4,"Boston Celtics","G",1998-03-12,1.8,90.7,1228026,"USA",2019,2,33,"Purdue"
"384",384,"KZ Okpala",71,4,"Miami Heat","F",1999-04-28,2.03,97.5,898310,"USA",2019,2,32,"Stanford"
"385",385,"Shake Milton",71,18,"Philadelphia 76ers","C",1996-09-26,1.96,93,1445697,"USA",2018,2,54,"SMU"
"386",386,"Chimezie Metu",71,7,"San Antonio Spurs","F",1997-03-22,2.06,102.1,1416852,"Nigeria",2018,2,49,"USC"
"387",387,"Keita Bates-Diop",70,0,"Denver Nuggets","F",1996-01-23,2.03,106.6,1416852,"USA",2018,2,48,"Ohio State"
"388",388,"Darius Bazley",70,7,"Oklahoma City Thunder","F",2000-06-12,2.03,90.7,2284800,"USA",2019,1,23,"High School"
"389",389,"Tony Bradley",70,13,"Utah Jazz","F-C",1998-01-08,2.08,112.5,1962360,"USA",2017,1,28,"North Carolina"
"390",390,"Hamidou Diallo",70,6,"Oklahoma City Thunder","G",1998-07-31,1.96,89.8,1416852,"USA",2018,2,45,"Kentucky"
"391",391,"Melvin Frazier",70,35,"Orlando Magic","F",1996-08-30,1.96,91.2,1416852,"USA",2018,2,35,"Tulane"
"392",392,"Solomon Hill",70,44,"Miami Heat","F",1991-03-18,1.98,102.5,13290395,"USA",2013,1,23,"Arizona"
"393",393,"Alize Johnson",70,24,"Indiana Pacers","F",1996-04-26,2.01,91.2,1416852,"USA",2018,2,50,"Missouri State"
"394",394,"Skal Labissiere",70,0,"Atlanta Hawks","C-F",1996-03-18,2.08,98,2338846,"Haiti",2016,1,28,"Kentucky"
"395",395,"Tyler Lydon",70,0,"No_Team","F-C",1996-04-09,2.06,99.8,50000,"USA",2017,1,24,"Syracuse"
"396",396,"Sviatoslav Mykhailiuk",70,19,"Detroit Pistons","G",1997-06-10,2.01,93,1416852,"Ukraine",2018,2,47,"Kansas"
"397",397,"Johnathan Motley",70,15,"Los Angeles Clippers","F",1995-05-04,2.03,104.3,79568,"USA",2017,3,0,"Baylor"
"398",398,"Abdel Nader",70,11,"Oklahoma City Thunder","F",1993-09-25,1.96,102.1,1618520,"Egypt",2016,2,58,"Iowa State"
"399",399,"Miles Plumlee",70,0,"No_Team","F-C",1988-09-01,2.11,115.7,12500000,"USA",2012,1,26,"Duke"
"400",400,"Caleb Swanigan",70,50,"Portland Trail Blazers","C",1997-04-18,2.06,112.9,2033160,"USA",2017,1,26,"Purdue"
"401",401,"Jarred Vanderbilt",70,0,"Minnesota Timberwolves","F",1999-04-03,2.06,97.1,1416852,"USA",2018,2,41,"Kentucky"
"402",402,"Jemerrio Jones",70,0,"No_Team","F",1995-04-09,1.96,91.2,195077,"USA",2018,3,0,"New Mexico State"
"403",403,"Jordan Poole",70,3,"Golden State Warriors","G",1999-06-19,1.93,88,1964760,"USA",2019,1,28,"Michigan"
"404",404,"Talen Horton-Tucker",70,5,"Los Angeles Lakers","G",2000-11-20,1.93,106.1,898310,"USA",2019,2,46,"Iowa State"
"405",405,"Yante Maten",70,0,"No_Team","F-C",1996-08-14,2.03,108.9,1e+05,"USA",2018,3,0,"Georgia"
"406",406,"Thanasis Antetokounmpo",70,43,"Milwaukee Bucks","F",1992-07-18,1.98,97.5,1445697,"Greece",2014,2,51,"Studied Abroad"
"407",407,"Naz Reid",70,11,"Minnesota Timberwolves","C",1999-08-26,2.06,112.9,898310,"USA",2019,3,0,"LSU"
"408",408,"Ignas Brazdeikis",70,17,"New York Knicks","F",1999-01-08,1.98,98,898310,"Canada",2019,2,47,"Michigan"
"409",409,"Deonte Burton",70,30,"Oklahoma City Thunder","G",1991-06-26,1.93,108.9,1416852,"USA",2014,3,0,"Iowa State"
"410",410,"Justin James",70,10,"Sacramento Kings","G",1997-01-24,2.01,86.2,898310,"USA",2019,2,40,"Wyoming"
"411",411,"Henry Ellenson",69,0,"No_Team","F-C",1997-01-13,2.08,109.8,79568,"USA",2016,1,18,"Marquette"
"412",412,"Devonte Graham",69,0,"Charlotte Hornets","G",1995-02-22,1.85,83.9,1416852,"USA",2018,2,34,"Kansas"
"413",413,"Amile Jefferson",69,0,"No_Team","F-C",1993-05-07,2.06,101.6,1529007,"USA",2017,3,0,"Duke"
"414",414,"Khyri Thomas",69,13,"Detroit Pistons","G",1996-05-08,1.91,95.3,1416852,"USA",2018,2,38,"Creighton"
"415",415,"Theo Pinson",69,0,"New York Knicks","G",1995-11-05,1.96,99.8,1445697,"USA",2018,3,0,"North Carolina"
"416",416,"Gary Clark",69,0,"Orlando Magic","F",1994-11-16,1.98,102.1,1427191,"USA",2018,3,0,"Cincinnati"
"417",417,"Terance Mann",69,14,"Los Angeles Clippers","G",1996-10-18,1.96,97.5,1e+06,"USA",2019,2,48,"Florida State"
"418",418,"Cam Reynolds",69,13,"Milwaukee Bucks","G",1995-02-07,2.01,102.1,79568,"USA",2018,3,0,"Tulane"
"419",419,"Tyrone Wallace",69,0,"No_Team","G-F",1994-06-10,1.96,90.7,502491,"USA",2016,2,60,"California"
"420",420,"Miye Oni",69,24,"Utah Jazz","F",1997-08-04,1.96,95.3,898310,"USA",2019,2,58,"Yale"
"421",421,"Malcolm Miller",69,13,"Toronto Raptors","F",1993-03-06,2.01,93,1588231,"USA",2015,3,0,"Holy Cross"
"422",422,"Isaac Bonga",68,17,"Washington Wizards","G",1999-11-08,2.03,90.7,1416852,"Germany",2018,2,39,"Studied Abroad"
"423",423,"Isaiah Hartenstein",68,0,"No_Team","F-C",1998-05-05,2.13,113.4,1416852,"Germany",2017,2,43,"Studied Abroad"
"424",424,"Jordan McRae",68,0,"Detroit Pistons","G",1991-03-28,1.96,81.2,1254933,"USA",2014,2,58,"Tennessee"
"425",425,"Brandon Goodwin",68,0,"Atlanta Hawks","G",1995-10-02,1.83,81.6,522738,"USA",2018,3,0,"Florida Gulf Coast"
"426",426,"Michael Frazier",68,21,"Houston Rockets","G",1994-03-08,1.91,90.7,79568,"USA",2015,2,60,"Florida"
"427",427,"Kostas Antetokounmpo",68,37,"Los Angeles Lakers","F",1997-11-20,2.08,90.7,79568,"Greece",2018,3,0,"Dayton"
"428",428,"Jalen Lecque",68,0,"Phoenix Suns","G",2000-06-13,1.91,86.2,898310,"USA",2019,3,0,"High School"
"429",429,"Duncan Robinson",67,55,"Miami Heat","F",1994-04-22,2.01,97.5,1416852,"USA",2018,3,0,"Michigan"
